primer	start	end	sequence
8F	8	27	AGAGUUUGAUCAUGGCUCAG
27F	8	27	AGAGUUUGAUCAUGGCUCAG
68F	49	68	UAACACAUGCAAGUCGAACG
341F	341	357	CCUACGGGAGGCAGCAG
515F	515	533	GUGCCAGCAGCCGCGGUAA
967F	967	985	CAACGCGAAGAACCUUACC
1237F	1220	1237	GGGCUACACACGUGCUAC
338R	338	355	ACUCCUACGGGAGGCAGC
519R	519	536	CAGCAGCCGCGGUAAUAC
785R	785	805	GGAUUAGAUACCCUGGUAGUC
806R	787	806	AUUAGAUACCCUGGUAGUCC
907R	907	926	AAACUCAAAUGAAUUGACGG
926R	907	926	AAACUCAAAUGAAUUGACGG
1100R	1100	1115	CAACGAGCGCAACCCU
1391R	1391	1407	UGUACACACCGCCCGUC
1492R	1492	1510	AAGUCGUAACAAGGUAACC
